lado,precio
15,7885
27,25525
5,885
9,2845
30,31510
30,31510
16,8970
12,5050
7,1725
15,7885
5,885
11,4245
6,1270
18,11350
18,11350
14,6870
19,12645
18,11350
6,1270
26,23670
16,8970
10,3510
6,1270
23,18525
24,20170
22,16950
24,20170
17,10125
22,16950
6,1270
5,885
15,7885
15,7885
11,4245
17,10125
10,3510
21,15445
9,2845
25,21885
9,2845
15,7885
15,7885
23,18525
25,21885
25,21885
23,18525
7,1725
23,18525
8,2250
27,25525
11,4245
8,2250
5,885
29,29445
13,5925
22,16950
13,5925
8,2250
16,8970
29,29445
12,5050
7,1725
5,885
18,11350
15,7885
22,16950
8,2250
7,1725
19,12645
22,16950
28,27450
17,10125
28,27450
26,23670
29,29445
20,14010
22,16950
10,3510
20,14010
22,16950
18,11350
13,5925
9,2845
10,3510
17,10125
21,15445
14,6870
12,5050
14,6870
26,23670
15,7885
23,18525
28,27450
7,1725
11,4245
6,1270
23,18525
24,20170
20,14010
17,10125
